{"digqrllymt": {"id": 286, "name": "digqrllymt", "random_value": 0.026500659664634663}, "pvewwpoyqd": {"id": 679, "name": "pvewwpoyqd", "random_value": 0.0767375346238085}, "jgikozfghk": {"id": 123, "name": "jgikozfghk", "random_value": 0.9968931028531612}, "iblgitvwug": {"id": 230, "name": "iblgitvwug", "random_value": 0.09142521964743078}, "atxohgixed": {"id": 610, "name": "atxohgixed", "random_value": 0.20249401996889305}, "dvuruucbog": {"id": 405, "name": "dvuruucbog", "random_value": 0.4073177899210464}, "niufhegzjx": {"id": 754, "name": "niufhegzjx", "random_value": 0.8768062587617473}, "okxohkbvrv": {"id": 962, "name": "okxohkbvrv", "random_value": 0.726854240593548}, "dgwrfrjxjf": {"id": 934, "name": "dgwrfrjxjf", "random_value": 0.6440324710418398}, "cnwipcvhek": {"id": 141, "name": "cnwipcvhek", "random_value": 0.14391032843949703}}